{"cameraMode":{"drawMode":0,"name":"Shaded","section":"Shading Mode"},"sceneLighting":true,"audioPlay":false,"sceneViewState":{"showFog":true,"showMaterialUpdate":false,"showSkybox":true,"showFlares":true,"showImageEffects":true,"showParticleSystems":true},"in2DMode":false,"pivot":{"x":-14.573104858398438,"y":-3.994739532470703,"z":-4.79145622253418},"rotation":{"x":-0.2617183029651642,"y":0.6942400932312012,"z":-0.3040604293346405,"w":-0.5975635647773743},"size":35.64134979248047,"orthographic":false}